game_id,season,week,season_type,game_date,neutral_site,conference_competition,home_id,away_id,home_team,away_team,home_abbreviation,away_abbreviation,home_score,away_score,home_winner,away_winner,venue,attendance,status
401864494,2026,1,2,2026-08-29T19:00Z,false,false,30,23,USC Trojans,San José State Spartans,USC,SJSU,42,26,true,false,Los Angeles Memorial Coliseum,51144,STATUS_FINAL
401856766,2026,1,2,2026-08-29T16:00Z,true,false,2628,153,TCU Horned Frogs,North Carolina Tar Heels,TCU,UNC,10,15,false,true,Aviva Stadium,0,STATUS_FINAL
401858202,2026,1,2,2026-08-29T19:30Z,false,true,258,152,Virginia Cavaliers,NC State Wolfpack,UVA,NCSU,34,8,true,false,Scott Stadium,62779,STATUS_FINAL
401864577,2026,1,2,2026-08-29T21:30Z,false,false,2449,55,North Dakota State Bison,Jacksonville State Gamecocks,NDSU,JVST,33,7,true,false,Fargodome,0,STATUS_FINAL
401866408,2026,1,2,2026-08-29T22:30Z,false,true,2199,16,Eastern Michigan Eagles,Sacramento State Hornets,EMU,SAC,28,17,true,false,Rynearson Stadium,9401,STATUS_FINAL
401858201,2026,1,2,2026-08-29T23:00Z,false,false,24,62,Stanford Cardinal,Hawai'i Rainbow Warriors,STAN,HAW,37,27,true,false,Stanford Stadium,23222,STATUS_FINAL
401864570,2026,1,2,2026-08-29T23:00Z,false,false,52,166,Florida State Seminoles,New Mexico State Aggies,FSU,NMSU,34,17,true,false,Doak Campbell Stadium,65915,STATUS_FINAL
401862693,2026,1,2,2026-08-30T02:00Z,false,false,2439,235,UNLV Rebels,Memphis Tigers,UNLV,MEM,21,27,false,true,Allegiant Stadium,31384,STATUS_FINAL
401856768,2026,1,2,2026-09-04T01:00Z,false,false,254,70,Utah Utes,Idaho Vandals,UTAH,IDHO,66,14,true,false,Rice-Eccles Stadium,51444,STATUS_FINAL
401856663,2026,1,2,2026-09-04T00:00Z,false,false,142,2029,Missouri Tigers,Arkansas-Pine Bluff Golden Lions,MIZ,UAPB,54,14,true,false,Memorial Stadium,63609,STATUS_FINAL
401858423,2026,1,2,2026-09-03T22:00Z,false,false,164,113,Rutgers Scarlet Knights,Massachusetts Minutemen,RUTG,MASS,21,37,false,true,SHI Stadium,42454,STATUS_FINAL
401856767,2026,1,2,2026-09-03T23:00Z,false,false,2116,2065,UCF Knights,Bethune-Cookman Wildcats,UCF,BCU,73,6,true,false,Acrisure Bounce House,43127,STATUS_FINAL
401858204,2026,1,2,2026-09-03T23:00Z,false,false,154,2006,Wake Forest Demon Deacons,Akron Zips,WAKE,AKR,38,16,true,false,Allegacy Federal Credit Union Stadium,30735,STATUS_FINAL
401864424,2026,1,2,2026-09-03T23:00Z,false,false,48,2771,Delaware Blue Hens,Merrimack Warriors,DEL,MRMK,42,7,true,false,Delaware Stadium,17268,STATUS_FINAL
401864425,2026,1,2,2026-09-03T23:00Z,false,false,338,2698,Kennesaw State Owls,West Georgia Wolves,KENN,WES,47,0,true,false,Walens Family Field at Fifth Third Stadium,11040,STATUS_FINAL
401866409,2026,1,2,2026-09-03T23:00Z,false,false,2084,399,Buffalo Bulls,UAlbany Great Danes,BUFF,ALB,21,17,true,false,Broadview Stadium,8690,STATUS_FINAL
401856776,2026,1,2,2026-09-04T00:00Z,false,false,59,38,Georgia Tech Yellow Jackets,Colorado Buffaloes,GT,COLO,13,14,false,true,Bobby Dodd Stadium,52113,STATUS_FINAL
401858422,2026,1,2,2026-09-04T00:00Z,false,false,135,2197,Minnesota Golden Gophers,Eastern Illinois Panthers,MINN,EIU,59,7,true,false,Huntington Bank Stadium,41048,STATUS_FINAL
401858424,2026,1,2,2026-09-04T01:00Z,false,false,356,5,Illinois Fighting Illini,UAB Blazers,ILL,UAB,42,23,true,false,Gies Memorial Stadium,52673,STATUS_FINAL
401858206,2026,1,2,2026-09-05T01:00Z,false,true,24,2390,Stanford Cardinal,Miami Hurricanes,STAN,MIA,6,45,false,true,Stanford Stadium,37648,STATUS_FINAL
401856664,2026,1,2,2026-09-05T00:00Z,false,false,201,2638,Oklahoma Sooners,UTEP Miners,OU,UTEP,51,0,true,false,"Memorial Stadium (Norman, OK)",0,STATUS_FINAL
401858436,2026,1,2,2026-09-05T01:00Z,false,false,30,278,USC Trojans,Fresno State Bulldogs,USC,FRES,39,0,true,false,Los Angeles Memorial Coliseum,53014,STATUS_FINAL
401864495,2026,1,2,2026-09-04T22:30Z,false,false,2199,23,Eastern Michigan Eagles,San José State Spartans,EMU,SJSU,21,27,false,true,Rynearson Stadium,5646,STATUS_FINAL
401858435,2026,1,2,2026-09-04T23:00Z,false,false,2509,282,Purdue Boilermakers,Indiana State Sycamores,PUR,INST,44,19,true,false,Ross-Ade Stadium,0,STATUS_FINAL
401866623,2026,1,2,2026-09-04T23:00Z,false,false,2247,2448,Georgia State Panthers,North Carolina A&T Aggies,GAST,NCAT,59,10,true,false,Center Parc Stadium,16703,STATUS_FINAL
401856769,2026,1,2,2026-09-05T00:00Z,false,false,2305,2341,Kansas Jayhawks,Long Island University Sharks,KU,LIU,51,6,true,false,David Booth Kansas Memorial Stadium,30904,STATUS_FINAL
401858429,2026,1,2,2026-09-05T00:00Z,false,false,127,2649,Michigan State Spartans,Toledo Rockets,MSU,TOL,30,20,true,false,Spartan Stadium,72083,STATUS_FINAL
401858432,2026,1,2,2026-09-05T16:30Z,false,false,194,2050,Ohio State Buckeyes,Ball State Cardinals,OSU,BALL,56,3,true,false,Ohio Stadium,0,STATUS_FINAL
401858433,2026,1,2,2026-09-05T19:30Z,false,false,2483,68,Oregon Ducks,Boise State Broncos,ORE,BOIS,34,27,true,false,Autzen Stadium,57652,STATUS_FINAL
401856658,2026,1,2,2026-09-05T19:00Z,false,false,61,2634,Georgia Bulldogs,Tennessee State Tigers,UGA,TNST,63,3,true,false,Sanford Stadium,93033,STATUS_FINAL
401856667,2026,1,2,2026-09-05T19:30Z,false,false,251,326,Texas Longhorns,Texas State Bobcats,TEX,TXST,59,7,true,false,DKR-Texas Memorial Stadium,102738,STATUS_FINAL
401858425,2026,1,2,2026-09-05T16:00Z,false,false,84,249,Indiana Hoosiers,North Texas Mean Green,IU,UNT,52,16,true,false,"Memorial Stadium (Bloomington, IN)",0,STATUS_FINAL
401856668,2026,1,2,2026-09-05T23:00Z,false,false,245,2623,Texas A&M Aggies,Missouri State Bears,TA&M,MOST,50,0,true,false,Kyle Field,107782,STATUS_FINAL
401856660,2026,1,2,2026-09-06T01:40Z,false,false,99,228,LSU Tigers,Clemson Tigers,LSU,CLEM,51,10,true,false,Tiger Stadium (LA),102321,STATUS_FINAL
401856770,2026,1,2,2026-09-05T23:00Z,false,false,2641,2000,Texas Tech Red Raiders,Abilene Christian Wildcats,TTU,ACU,33,10,true,false,Galaxy Stadium,60229,STATUS_FINAL
401856634,2026,1,2,2026-09-05T16:00Z,false,false,333,151,Alabama Crimson Tide,East Carolina Pirates,ALA,ECU,48,10,true,false,Bryant-Denny Stadium,100077,STATUS_FINAL
401856775,2026,1,2,2026-09-06T00:00Z,false,false,252,3101,BYU Cougars,Utah Tech Trailblazers,BYU,UTU,63,7,true,false,LaVell Edwards Stadium,64077,STATUS_FINAL
401858428,2026,1,2,2026-09-05T23:30Z,false,false,130,2711,Michigan Wolverines,Western Michigan Broncos,MICH,WMU,13,12,true,false,Michigan Stadium,110879,STATUS_FINAL
401858434,2026,1,2,2026-09-05T19:30Z,false,false,213,276,Penn State Nittany Lions,Marshall Thundering Herd,PSU,MRSH,45,0,true,false,Beaver Stadium,108489,STATUS_FINAL
401856666,2026,1,2,2026-09-05T19:30Z,false,false,2633,231,Tennessee Volunteers,Furman Paladins,TENN,FUR,56,9,true,false,Neyland Stadium,101915,STATUS_FINAL
401858426,2026,1,2,2026-09-05T20:15Z,false,false,2294,2459,Iowa Hawkeyes,Northern Illinois Huskies,IOWA,NIU,40,0,true,false,Kinnick Stadium,0,STATUS_FINAL
401856778,2026,1,2,2026-09-05T16:00Z,false,false,248,204,Houston Cougars,Oregon State Beavers,HOU,ORST,33,20,true,false,TDECU Stadium,28742,STATUS_FINAL
401856780,2026,1,2,2026-09-05T16:00Z,false,false,277,324,West Virginia Mountaineers,Coastal Carolina Chanticleers,WVU,CCU,31,24,true,false,Milan Puskar Stadium,0,STATUS_FINAL
401858208,2026,1,2,2026-09-05T16:00Z,false,false,183,160,Syracuse Orange,New Hampshire Wildcats,SYR,UNH,66,3,true,false,JMA Wireless Dome,0,STATUS_FINAL
401858430,2026,1,2,2026-09-05T16:00Z,false,false,158,195,Nebraska Cornhuskers,Ohio Bobcats,NEB,OHIO,49,21,true,false,"Memorial Stadium (Lincoln, NE)",0,STATUS_FINAL
401861962,2026,1,2,2026-09-05T16:00Z,false,false,41,322,UConn Huskies,Lafayette Leopards,CONN,LAF,56,7,true,false,Pratt & Whitney Stadium,0,STATUS_FINAL
401862701,2026,1,2,2026-09-05T16:00Z,false,false,349,2803,Army Black Knights,Bryant Bulldogs,ARMY,BRY,59,3,true,false,Michie Stadium,0,STATUS_FINAL
401866410,2026,1,2,2026-09-05T16:00Z,false,false,189,2627,Bowling Green Falcons,Tarleton State Texans,BGSU,TAR,13,20,false,true,Doyt L. Perry Stadium,0,STATUS_FINAL
401869960,2026,1,2,2026-09-05T16:00Z,false,false,256,2335,James Madison Dukes,Liberty Flames,JMU,LIB,20,13,true,false,Bridgeforth Stadium,0,STATUS_FINAL
401858207,2026,1,2,2026-09-05T16:30Z,false,false,221,193,Pittsburgh Panthers,Miami (OH) RedHawks,PITT,M-OH,59,14,true,false,Acrisure Stadium,43929,STATUS_FINAL
401856665,2026,1,2,2026-09-05T16:45Z,false,false,2579,2309,South Carolina Gamecocks,Kent State Golden Flashes,SC,KENT,57,0,true,false,Williams-Brice Stadium,0,STATUS_FINAL
401856659,2026,1,2,2026-09-05T17:00Z,false,false,96,2754,Kentucky Wildcats,Youngstown State Penguins,UK,YSU,45,13,true,false,Kroger Field,60166,STATUS_FINAL
401856779,2026,1,2,2026-09-05T17:00Z,false,false,66,2546,Iowa State Cyclones,Southeast Missouri State Redhawks,ISU,SEMO,38,10,true,false,Jack Trice Stadium,51802,STATUS_FINAL
401864496,2026,1,2,2026-09-05T17:00Z,false,false,2005,2184,Air Force Falcons,Duquesne Dukes,AFA,DUQ,34,0,true,false,Falcon Stadium,0,STATUS_FINAL
401862698,2026,1,2,2026-09-05T18:00Z,false,false,218,227,Temple Owls,Rhode Island Rams,TEM,URI,38,14,true,false,Lincoln Financial Field,13484,STATUS_FINAL
401856636,2026,1,2,2026-09-05T19:30Z,true,false,2,239,Auburn Tigers,Baylor Bears,AUB,BAY,17,16,true,false,Mercedes-Benz Stadium,55068,STATUS_FINAL
401856777,2026,1,2,2026-09-05T19:30Z,false,false,2132,103,Cincinnati Bearcats,Boston College Eagles,CIN,BC,34,15,true,false,Nippert Stadium,37097,STATUS_FINAL
401858209,2026,1,2,2026-09-05T19:30Z,false,false,150,2655,Duke Blue Devils,Tulane Green Wave,DUKE,TULN,17,3,true,false,Wallace Wade Stadium,16113,STATUS_FINAL
401862694,2026,1,2,2026-09-05T19:30Z,false,false,2429,2643,Charlotte 49ers,The Citadel Bulldogs,CLT,CIT,41,43,false,true,Jerry Richardson Stadium,13274,STATUS_FINAL
401862696,2026,1,2,2026-09-05T19:30Z,false,false,2426,119,Navy Midshipmen,Towson Tigers,NAVY,TOW,42,15,true,false,Navy-Marine Corps Memorial Stadium,32654,STATUS_FINAL
401862700,2026,1,2,2026-09-05T19:30Z,false,false,2636,292,UTSA Roadrunners,UT Rio Grande Valley Vaqueros,UTSA,RGV,45,16,true,false,Alamodome,33403,STATUS_FINAL
401864499,2026,1,2,2026-09-05T19:30Z,false,false,2449,2230,North Dakota State Bison,Fordham Rams,NDSU,FOR,38,0,true,false,Fargodome,15212,STATUS_FINAL
401866627,2026,1,2,2026-09-05T19:30Z,false,false,2026,311,App State Mountaineers,Maine Black Bears,APP,ME,55,3,true,false,Kidd Brewer Stadium,33664,STATUS_FINAL
401856772,2026,1,2,2026-09-05T19:45Z,false,false,202,197,Tulsa Golden Hurricane,Oklahoma State Cowboys,TLSA,OKST,24,10,true,false,H. A. Chapman Stadium,28520,STATUS_FINAL
401856635,2026,1,2,2026-09-05T20:15Z,false,false,8,2453,Arkansas Razorbacks,North Alabama Lions,ARK,UNA,31,14,true,false,Donald W. Reynolds Razorback Stadium,69178,STATUS_FINAL
401868356,2026,1,2,2026-09-05T21:00Z,false,false,2572,2016,Southern Miss Golden Eagles,Alcorn State Braves,USM,ALCN,49,3,true,false,M. M. Roberts Stadium,0,STATUS_FINAL
401860878,2026,1,2,2026-09-05T22:00Z,false,false,36,2751,Colorado State Rams,Wyoming Cowboys,CSU,WYO,35,13,true,false,Canvas Stadium,40546,STATUS_FINAL
401867973,2026,1,2,2026-09-05T22:00Z,false,false,295,2450,Old Dominion Monarchs,Norfolk State Spartans,ODU,NORF,31,10,true,false,S.B. Ballard Stadium,21944,STATUS_FINAL
401856669,2026,1,2,2026-09-05T23:00Z,false,false,238,2046,Vanderbilt Commodores,Austin Peay Governors,VAN,APSU,28,9,true,false,FirstBank Stadium,35000,STATUS_FINAL
401856771,2026,1,2,2026-09-05T23:00Z,false,false,2306,2447,Kansas State Wildcats,Nicholls Colonels,KSU,NICH,71,3,true,false,Bill Snyder Family Stadium,51719,STATUS_FINAL
401860880,2026,1,2,2026-09-05T23:00Z,false,false,328,304,Utah State Aggies,Idaho State Bengals,USU,IDST,17,29,false,true,Maverik Stadium,20723,STATUS_FINAL
401862695,2026,1,2,2026-09-05T23:00Z,false,false,235,2032,Memphis Tigers,Arkansas State Red Wolves,MEM,ARST,42,24,true,false,Simmons Bank Liberty Stadium,45632,STATUS_FINAL
401862697,2026,1,2,2026-09-05T23:00Z,false,false,242,2277,Rice Owls,Houston Christian Huskies,RICE,HCU,31,3,true,false,Rice Stadium,15128,STATUS_FINAL
401862699,2026,1,2,2026-09-05T23:00Z,false,false,58,2229,South Florida Bulls,Florida International Panthers,USF,FIU,19,9,true,false,Raymond James Stadium,41847,STATUS_FINAL
401868140,2026,1,2,2026-09-05T23:00Z,false,false,55,2198,Jacksonville State Gamecocks,Eastern Kentucky Colonels,JXST,EKU,49,7,true,false,AmFirst Stadium,19677,STATUS_FINAL
401868170,2026,1,2,2026-09-05T23:00Z,false,false,290,2127,Georgia Southern Eagles,Charleston Southern Buccaneers,GASO,CHSO,31,0,true,false,Allen E. Paulson Stadium,22426,STATUS_FINAL
401868316,2026,1,2,2026-09-05T23:00Z,false,false,6,2545,South Alabama Jaguars,SE Louisiana Lions,USA,SELA,39,14,true,false,Hancock Whitney Stadium,15087,STATUS_FINAL
401870763,2026,1,2,2026-09-05T23:00Z,false,false,2653,2534,Troy Trojans,Sam Houston Bearkats,TROY,SHSU,24,21,true,false,Veterans Memorial Stadium (AL),24356,STATUS_FINAL
401856662,2026,1,2,2026-09-05T23:30Z,false,false,344,2433,Mississippi State Bulldogs,UL Monroe Warhawks,MSST,ULM,62,13,true,false,Davis Wade Stadium,48771,STATUS_FINAL
401858211,2026,1,2,2026-09-05T23:30Z,false,false,259,2678,Virginia Tech Hokies,VMI Keydets,VT,VMI,73,3,true,false,Lane Stadium,65632,STATUS_FINAL
401869129,2026,1,2,2026-09-05T23:30Z,false,false,2348,2466,Louisiana Tech Bulldogs,Northwestern State Demons,LT,NWST,80,6,true,false,Joe Aillet Stadium,13108,STATUS_FINAL
401856637,2026,1,2,2026-09-05T23:45Z,false,false,57,2226,Florida Gators,Florida Atlantic Owls,FLA,FAU,66,21,true,false,Ben Hill Griffin Stadium,90295,STATUS_FINAL
401867866,2026,1,2,2026-09-05T23:45Z,false,false,2393,93,Middle Tennessee Blue Raiders,Murray State Racers,MTSU,MUR,38,14,true,false,"Johnny ""Red"" Floyd Stadium",16227,STATUS_FINAL
401858427,2026,1,2,2026-09-06T00:00Z,false,false,120,2261,Maryland Terrapins,Hampton Pirates,MD,HAMP,62,0,true,false,SECU Stadium,43421,STATUS_FINAL
401858431,2026,1,2,2026-09-06T00:00Z,false,false,77,2571,Northwestern Wildcats,South Dakota State Jackrabbits,NU,SDST,34,18,true,false,Northwestern Medicine Field at Martin Stadium,9574,STATUS_FINAL
401869142,2026,1,2,2026-09-06T00:00Z,false,false,309,2320,Louisiana Ragin' Cajuns,Lamar Cardinals,UL,LAM,38,7,true,false,Our Lady of Lourdes Stadium,20851,STATUS_FINAL
401870790,2026,1,2,2026-09-06T01:00Z,false,false,166,2385,New Mexico State Aggies,Mercyhurst Lakers,NMSU,MERC,51,14,true,false,Aggie Memorial Stadium,9189,STATUS_FINAL
401856773,2026,1,2,2026-09-06T01:30Z,false,false,12,2464,Arizona Wildcats,Northern Arizona Lumberjacks,ARIZ,NAU,35,7,true,false,Casino Del Sol Stadium,40129,STATUS_FINAL
401860879,2026,1,2,2026-09-06T01:30Z,false,false,21,2502,San Diego State Aztecs,Portland State Vikings,SDSU,PRST,53,20,true,false,Snapdragon Stadium,26913,STATUS_FINAL
401856774,2026,1,2,2026-09-06T02:00Z,false,false,9,2415,Arizona State Sun Devils,Morgan State Bears,ASU,MORG,70,7,true,false,Mountain America Stadium,54004,STATUS_FINAL
401864497,2026,1,2,2026-09-06T02:00Z,false,true,62,2439,Hawai'i Rainbow Warriors,UNLV Rebels,HAW,UNLV,6,21,false,true,Clarence T.C. Ching Athletics Complex,15014,STATUS_FINAL
401864498,2026,1,2,2026-09-06T02:00Z,false,false,167,2117,New Mexico Lobos,Central Michigan Chippewas,UNM,CMU,38,7,true,false,University Stadium (NM),24126,STATUS_FINAL
401866411,2026,1,2,2026-09-06T02:00Z,false,false,16,2400,Sacramento State Hornets,Mississippi Valley State Delta Devils,SAC,MVSU,52,0,true,false,Hornet Stadium,18523,STATUS_FINAL
401858210,2026,1,2,2026-09-06T02:30Z,false,false,25,26,California Golden Bears,UCLA Bruins,CAL,UCLA,24,45,false,true,California Memorial Stadium,0,STATUS_FINAL
401864432,2026,1,2,2026-09-06T02:30Z,false,false,2440,98,Nevada Wolf Pack,Western Kentucky Hilltoppers,NEV,WKU,49,14,true,false,Mackay Stadium,19404,STATUS_FINAL
401858438,2026,1,2,2026-09-06T23:30Z,true,false,87,275,Notre Dame Fighting Irish,Wisconsin Badgers,ND,WIS,41,13,true,false,Lambeau Field,75939,STATUS_FINAL
401856661,2026,1,2,2026-09-06T23:30Z,true,false,145,97,Ole Miss Rebels,Louisville Cardinals,MISS,LOU,41,38,true,false,Nissan Stadium,57390,STATUS_FINAL
401858437,2026,1,2,2026-09-06T20:00Z,false,false,264,265,Washington Huskies,Washington State Cougars,WASH,WSU,24,10,true,false,Husky Stadium,71056,STATUS_FINAL
401858212,2026,1,2,2026-09-07T23:30Z,false,true,52,2567,Florida State Seminoles,SMU Mustangs,FSU,SMU,24,27,false,true,Doak Campbell Stadium,0,STATUS_FINAL
401858213,2026,2,2,2026-09-11T00:00Z,false,false,2390,50,Miami Hurricanes,Florida A&M Rattlers,MIA,FAMU,77,7,true,false,Hard Rock Stadium,63618,STATUS_FINAL
401856678,2026,2,2,2026-09-12T00:00Z,false,false,2305,142,Kansas Jayhawks,Missouri Tigers,KU,MIZ,21,38,false,true,David Booth Kansas Memorial Stadium,32000,STATUS_FINAL
401858215,2026,2,2,2026-09-11T23:00Z,false,false,97,222,Louisville Cardinals,Villanova Wildcats,LOU,VILL,59,13,true,false,L&N Federal Credit Union Stadium,46385,STATUS_FINAL
401858220,2026,2,2,2026-09-11T23:00Z,false,false,258,2450,Virginia Cavaliers,Norfolk State Spartans,UVA,NORF,59,3,true,false,Scott Stadium,46918,STATUS_FINAL
401858222,2026,2,2,2026-09-11T23:00Z,false,false,152,257,NC State Wolfpack,Richmond Spiders,NCSU,RICH,73,0,true,false,Carter-Finley Stadium,56919,STATUS_FINAL
401858214,2026,2,2,2026-09-11T23:30Z,false,false,103,164,Boston College Eagles,Rutgers Scarlet Knights,BC,RUTG,28,21,true,false,"Alumni Stadium (Chestnut Hill, MA)",40611,STATUS_FINAL
401856682,2026,2,2,2026-09-12T23:30Z,false,false,251,194,Texas Longhorns,Ohio State Buckeyes,TEX,OSU,24,23,true,false,DKR-Texas Memorial Stadium,105044,STATUS_FINAL
401856673,2026,2,2,2026-09-12T16:45Z,false,false,61,98,Georgia Bulldogs,Western Kentucky Hilltoppers,UGA,WKU,70,20,true,false,Sanford Stadium,93033,STATUS_FINAL
401859184,2026,2,2,2026-09-12T19:30Z,false,false,87,242,Notre Dame Fighting Irish,Rice Owls,ND,RICE,52,0,true,false,Notre Dame Stadium,77622,STATUS_FINAL
401858439,2026,2,2,2026-09-12T16:00Z,false,false,84,47,Indiana Hoosiers,Howard Bison,IU,HOW,55,0,true,false,"Memorial Stadium (Bloomington, IN)",54376,STATUS_FINAL
401856782,2026,2,2,2026-09-12T17:30Z,false,false,197,2483,Oklahoma State Cowboys,Oregon Ducks,OKST,ORE,39,31,true,false,Boone Pickens Stadium,51035,STATUS_FINAL
401867796,2026,2,2,2026-09-12T23:30Z,false,false,99,2348,LSU Tigers,Louisiana Tech Bulldogs,LSU,LT,45,14,true,false,Tiger Stadium (LA),102321,STATUS_FINAL
401856676,2026,2,2,2026-09-12T23:45Z,false,false,145,2429,Ole Miss Rebels,Charlotte 49ers,MISS,CLT,41,9,true,false,Vaught-Hemingway Stadium,68134,STATUS_FINAL
401856683,2026,2,2,2026-09-12T16:00Z,false,false,245,9,Texas A&M Aggies,Arizona State Sun Devils,TA&M,ASU,48,20,true,false,Kyle Field,0,STATUS_FINAL
401856679,2026,2,2,2026-09-12T16:00Z,false,false,130,201,Michigan Wolverines,Oklahoma Sooners,MICH,OU,17,10,true,false,Michigan Stadium,0,STATUS_FINAL
401856674,2026,2,2,2026-09-12T19:30Z,false,true,96,333,Kentucky Wildcats,Alabama Crimson Tide,UK,ALA,17,45,false,true,Kroger Field,61820,STATUS_FINAL
401856783,2026,2,2,2026-09-12T23:30Z,false,false,204,2641,Oregon State Beavers,Texas Tech Red Raiders,ORST,TTU,24,35,false,true,Reser Stadium,30539,STATUS_FINAL
401858445,2026,2,2,2026-09-13T03:00Z,false,false,30,309,USC Trojans,Louisiana Ragin' Cajuns,USC,UL,49,30,true,false,Los Angeles Memorial Coliseum,60019,STATUS_FINAL
401856810,2026,2,2,2026-09-12T19:30Z,false,true,252,12,BYU Cougars,Arizona Wildcats,BYU,ARIZ,28,17,true,false,LaVell Edwards Stadium,64409,STATUS_FINAL
401858442,2026,2,2,2026-09-12T16:00Z,false,false,218,213,Temple Owls,Penn State Nittany Lions,TEM,PSU,9,27,false,true,Lincoln Financial Field,0,STATUS_FINAL
401858223,2026,2,2,2026-09-12T20:00Z,false,false,2567,302,SMU Mustangs,UC Davis Aggies,SMU,UCD,56,10,true,false,Gerald J. Ford Stadium,29054,STATUS_FINAL
401856681,2026,2,2,2026-09-12T23:00Z,false,false,59,2633,Georgia Tech Yellow Jackets,Tennessee Volunteers,GT,TENN,24,45,false,true,Bobby Dodd Stadium,52113,STATUS_FINAL
401858446,2026,2,2,2026-09-12T19:30Z,false,false,264,328,Washington Huskies,Utah State Aggies,WASH,USU,16,14,true,false,Husky Stadium,62152,STATUS_FINAL
401856670,2026,2,2,2026-09-13T02:30Z,false,false,254,8,Utah Utes,Arkansas Razorbacks,UTAH,ARK,43,10,true,false,Rice-Eccles Stadium,51532,STATUS_FINAL
401856788,2026,2,2,2026-09-12T23:30Z,false,false,2294,66,Iowa Hawkeyes,Iowa State Cyclones,IOWA,ISU,16,13,true,false,Kinnick Stadium,69250,STATUS_FINAL
401856787,2026,2,2,2026-09-12T23:00Z,false,false,248,2582,Houston Cougars,Southern Jaguars,HOU,SOU,77,6,true,false,TDECU Stadium,28936,STATUS_FINAL
401856781,2026,2,2,2026-09-12T16:00Z,false,false,2306,265,Kansas State Wildcats,Washington State Cougars,KSU,WSU,34,7,true,false,Bill Snyder Family Stadium,0,STATUS_FINAL
401858218,2026,2,2,2026-09-12T16:00Z,false,false,153,2193,North Carolina Tar Heels,East Tennessee State Buccaneers,UNC,ETSU,35,3,true,false,Kenan Stadium,42362,STATUS_FINAL
401858221,2026,2,2,2026-09-12T16:00Z,false,false,259,295,Virginia Tech Hokies,Old Dominion Monarchs,VT,ODU,44,21,true,false,Lane Stadium,0,STATUS_FINAL
401858224,2026,2,2,2026-09-12T16:00Z,false,false,2509,154,Purdue Boilermakers,Wake Forest Demon Deacons,PUR,WAKE,36,38,false,true,Ross-Ade Stadium,0,STATUS_FINAL
401862702,2026,2,2,2026-09-12T16:00Z,false,true,349,58,Army Black Knights,South Florida Bulls,ARMY,USF,24,28,false,true,Michie Stadium,0,STATUS_FINAL
401864571,2026,2,2,2026-09-12T16:00Z,false,false,151,2026,East Carolina Pirates,App State Mountaineers,ECU,APP,24,27,false,true,Dowdy-Ficklen Stadium,0,STATUS_FINAL
401866416,2026,2,2,2026-09-12T16:00Z,false,false,2309,2747,Kent State Golden Flashes,Wofford Terriers,KENT,WOF,36,15,true,false,Zoeller Field at Dix Stadium,0,STATUS_FINAL
401867929,2026,2,2,2026-09-12T16:00Z,false,false,256,2681,James Madison Dukes,Wagner Seahawks,JMU,WAG,87,3,true,false,Bridgeforth Stadium,0,STATUS_FINAL
401868187,2026,2,2,2026-09-12T16:00Z,false,false,2335,2241,Liberty Flames,Gardner-Webb Runnin' Bulldogs,LIB,GWEB,24,23,true,false,Williams Stadium (VA),0,STATUS_FINAL
401856791,2026,2,2,2026-09-12T17:00Z,false,false,277,2630,West Virginia Mountaineers,UT Martin Skyhawks,WVU,UTM,52,7,true,false,Milan Puskar Stadium,47049,STATUS_FINAL
401866415,2026,2,2,2026-09-12T17:00Z,false,false,2117,2142,Central Michigan Chippewas,Colgate Raiders,CMU,COLG,13,10,true,false,Kelly/Shorts Stadium,19005,STATUS_FINAL
401866417,2026,2,2,2026-09-12T17:00Z,false,false,193,107,Miami (OH) RedHawks,Holy Cross Crusaders,M-OH,HC,45,7,true,false,Yager Stadium,0,STATUS_FINAL
401866413,2026,2,2,2026-09-12T18:00Z,false,false,2050,2619,Ball State Cardinals,Stony Brook Seawolves,BALL,STBK,41,17,true,false,Scheumann Stadium,10390,STATUS_FINAL
401856677,2026,2,2,2026-09-12T19:30Z,false,false,135,344,Minnesota Golden Gophers,Mississippi State Bulldogs,MINN,MSST,13,38,false,true,Huntington Bank Stadium,48048,STATUS_FINAL
401856785,2026,2,2,2026-09-12T19:30Z,false,false,38,2692,Colorado Buffaloes,Weber State Wildcats,COLO,WEB,52,21,true,false,Folsom Field,49363,STATUS_FINAL
401856790,2026,2,2,2026-09-12T19:30Z,false,false,221,2116,Pittsburgh Panthers,UCF Knights,PITT,UCF,12,7,true,false,Acrisure Stadium,45926,STATUS_FINAL
401858216,2026,2,2,2026-09-12T19:30Z,false,true,183,25,Syracuse Orange,California Golden Bears,SYR,CAL,18,21,false,true,JMA Wireless Dome,36031,STATUS_FINAL
401858217,2026,2,2,2026-09-12T19:30Z,false,false,356,150,Illinois Fighting Illini,Duke Blue Devils,ILL,DUKE,27,31,false,true,Gies Memorial Stadium,60670,STATUS_FINAL
401858440,2026,2,2,2026-09-12T19:30Z,false,false,127,2199,Michigan State Spartans,Eastern Michigan Eagles,MSU,EMU,35,7,true,false,Spartan Stadium,70712,STATUS_FINAL
401858444,2026,2,2,2026-09-12T19:30Z,false,false,41,120,UConn Huskies,Maryland Terrapins,CONN,MD,14,38,false,true,Pratt & Whitney Stadium,34494,STATUS_FINAL
401860884,2026,2,2,2026-09-12T19:30Z,false,false,326,2636,Texas State Bobcats,UTSA Roadrunners,TXST,UTSA,26,31,false,true,UFCU Stadium,22019,STATUS_FINAL
401862708,2026,2,2,2026-09-12T19:30Z,false,false,5,2433,UAB Blazers,UL Monroe Warhawks,UAB,ULM,26,20,true,false,Protective Stadium,21153,STATUS_FINAL
401866412,2026,2,2,2026-09-12T19:30Z,false,false,2006,2523,Akron Zips,Robert Morris Colonials,AKR,RMU,45,10,true,false,InfoCision Stadium,10032,STATUS_FINAL
401866419,2026,2,2,2026-09-12T19:30Z,false,false,2649,2115,Toledo Rockets,Central Connecticut Blue Devils,TOL,CCSU,63,10,true,false,Glass Bowl,18435,STATUS_FINAL
401866420,2026,2,2,2026-09-12T19:30Z,false,false,113,2529,Massachusetts Minutemen,Sacred Heart Pioneers,MASS,SHU,37,10,true,false,Warren McGuirk Alumni Stadium,14895,STATUS_FINAL
401862705,2026,2,2,2026-09-12T19:45Z,false,false,249,2439,North Texas Mean Green,UNLV Rebels,UNT,UNLV,44,6,true,false,DATCU Stadium,20331,STATUS_FINAL
401864506,2026,2,2,2026-09-12T20:00Z,false,false,2751,2458,Wyoming Cowboys,Northern Colorado Bears,WYO,UNCO,21,13,true,false,War Memorial Stadium,0,STATUS_FINAL
401865252,2026,2,2,2026-09-12T20:00Z,false,false,167,2385,New Mexico Lobos,Mercyhurst Lakers,UNM,MERC,70,7,true,false,University Stadium (NM),0,STATUS_FINAL
401868326,2026,2,2,2026-09-12T20:00Z,false,false,2653,2011,Troy Trojans,Alabama State Hornets,TROY,ALST,34,17,true,false,Veterans Memorial Stadium (AL),0,STATUS_FINAL
401856684,2026,2,2,2026-09-12T20:15Z,false,false,238,48,Vanderbilt Commodores,Delaware Blue Hens,VAN,DEL,35,26,true,false,FirstBank Stadium,0,STATUS_FINAL
401856672,2026,2,2,2026-09-12T21:30Z,false,false,57,2097,Florida Gators,Campbell Fighting Camels,FLA,CAM,52,3,true,false,Ben Hill Griffin Stadium,88863,STATUS_FINAL
401860881,2026,2,2,2026-09-12T22:00Z,false,false,68,235,Boise State Broncos,Memphis Tigers,BOIS,MEM,38,20,true,false,Albertsons Stadium,34439,STATUS_FINAL
401866414,2026,2,2,2026-09-12T22:00Z,false,false,2229,2084,Florida International Panthers,Buffalo Bulls,FIU,BUFF,33,20,true,false,Pitbull Stadium,18202,STATUS_FINAL
401866418,2026,2,2,2026-09-12T22:00Z,false,false,195,55,Ohio Bobcats,Jacksonville State Gamecocks,OHIO,JXST,29,27,true,false,Peden Stadium,21037,STATUS_FINAL
401866421,2026,2,2,2026-09-12T22:30Z,false,false,2711,2405,Western Michigan Broncos,Monmouth Hawks,WMU,MONM,49,14,true,false,Waldo Stadium,24605,STATUS_FINAL
401856680,2026,2,2,2026-09-12T23:00Z,false,false,2579,119,South Carolina Gamecocks,Towson Tigers,SC,TOW,45,9,true,false,Williams-Brice Stadium,78399,STATUS_FINAL
401856786,2026,2,2,2026-09-12T23:00Z,false,false,2132,2717,Cincinnati Bearcats,Western Carolina Catamounts,CIN,WCU,62,10,true,false,Nippert Stadium,34827,STATUS_FINAL
401858441,2026,2,2,2026-09-12T23:00Z,false,false,158,189,Nebraska Cornhuskers,Bowling Green Falcons,NEB,BGSU,56,7,true,false,"Memorial Stadium (Lincoln, NE)",86193,STATUS_FINAL
401860882,2026,2,2,2026-09-12T23:00Z,false,false,36,253,Colorado State Rams,Southern Utah Thunderbirds,CSU,SUU,58,24,true,false,Canvas Stadium,35749,STATUS_FINAL
401862707,2026,2,2,2026-09-12T23:00Z,false,false,2534,202,Sam Houston Bearkats,Tulsa Golden Hurricane,SHSU,TLSA,17,23,false,true,Elliott T. Bowers Stadium,0,STATUS_FINAL
401864503,2026,2,2,2026-09-12T23:00Z,false,false,2459,2287,Northern Illinois Huskies,Illinois State Redbirds,NIU,ILST,24,28,false,true,Huskie Stadium,17582,STATUS_FINAL
401864575,2026,2,2,2026-09-12T23:00Z,false,false,2655,6,Tulane Green Wave,South Alabama Jaguars,TULN,USA,28,24,true,false,Yulman Stadium,24323,STATUS_FINAL
401868241,2026,2,2,2026-09-12T23:00Z,false,false,2032,2698,Arkansas State Red Wolves,West Georgia Wolves,ARST,WES,52,7,true,false,Centennial Bank Stadium,16678,STATUS_FINAL
401869955,2026,2,2,2026-09-12T23:00Z,false,false,338,2247,Kennesaw State Owls,Georgia State Panthers,KENN,GAST,17,31,false,true,Walens Family Field at Fifth Third Stadium,11040,STATUS_FINAL
401871045,2026,2,2,2026-09-12T23:00Z,false,false,276,2393,Marshall Thundering Herd,Middle Tennessee Blue Raiders,MRSH,MTSU,28,26,true,false,Joan C. Edwards Stadium,25662,STATUS_FINAL
401871046,2026,2,2,2026-09-12T23:00Z,false,false,2623,2815,Missouri State Bears,Lindenwood Lions,MOST,LIN,48,14,true,false,Robert W. Plaster Stadium,12138,STATUS_FINAL
401858443,2026,2,2,2026-09-12T23:15Z,false,false,26,21,UCLA Bruins,San Diego State Aztecs,UCLA,SDSU,28,10,true,false,Rose Bowl,31976,STATUS_FINAL
401858447,2026,2,2,2026-09-12T23:15Z,false,false,275,2710,Wisconsin Badgers,Western Illinois Leathernecks,WIS,WIU,36,9,true,false,Camp Randall Stadium,65274,STATUS_FINAL
401862703,2026,2,2,2026-09-12T23:30Z,false,true,2226,2426,Florida Atlantic Owls,Navy Midshipmen,FAU,NAVY,38,30,true,false,Flagler Credit Union Stadium,22273,STATUS_FINAL
401868008,2026,2,2,2026-09-12T23:30Z,false,false,324,2230,Coastal Carolina Chanticleers,Fordham Rams,CCU,FOR,45,7,true,false,Brooks Stadium (SC),18113,STATUS_FINAL
401856789,2026,2,2,2026-09-13T00:00Z,false,false,2628,2755,TCU Horned Frogs,Grambling Tigers,TCU,GRAM,63,7,true,false,Amon G. Carter Stadium,37600,STATUS_FINAL
401856784,2026,2,2,2026-09-13T00:08Z,false,false,239,2504,Baylor Bears,Prairie View A&M Panthers,BAY,PV,44,3,true,false,McLane Stadium,38642,STATUS_FINAL
401856671,2026,2,2,2026-09-13T00:50Z,false,false,2,2572,Auburn Tigers,Southern Miss Golden Eagles,AUB,USM,43,8,true,false,Jordan-Hare Stadium,88043,STATUS_FINAL
401864504,2026,2,2,2026-09-13T01:00Z,false,false,23,13,San José State Spartans,Cal Poly Mustangs,SJSU,CP,30,20,true,false,CEFCU Stadium,15017,STATUS_FINAL
401864505,2026,2,2,2026-09-13T01:00Z,false,false,2638,2640,UTEP Miners,Texas Southern Tigers,UTEP,TXSO,51,10,true,false,Sun Bowl,24580,STATUS_FINAL
401858219,2026,2,2,2026-09-13T01:30Z,false,false,228,290,Clemson Tigers,Georgia Southern Eagles,CLEM,GASO,22,7,true,false,"Memorial Stadium (Clemson, SC)",81150,STATUS_FINAL
401864502,2026,2,2,2026-09-13T02:00Z,false,true,2005,2449,Air Force Falcons,North Dakota State Bison,AFA,NDSU,32,38,false,true,Falcon Stadium,25970,STATUS_FINAL
401860883,2026,2,2,2026-09-13T02:30Z,false,false,278,16,Fresno State Bulldogs,Sacramento State Hornets,FRES,SAC,49,3,true,false,Valley Children's Stadium,40198,STATUS_FINAL
401864500,2026,2,2,2026-09-13T02:30Z,false,false,2440,147,Nevada Wolf Pack,Montana State Bobcats,NEV,MTST,7,20,false,true,Mackay Stadium,21679,STATUS_FINAL
401864578,2026,2,2,2026-09-13T03:59Z,false,false,62,166,Hawai'i Rainbow Warriors,New Mexico State Aggies,HAW,NMSU,29,19,true,false,Clarence T.C. Ching Athletics Complex,12905,STATUS_FINAL
401858225,2026,3,2,2026-09-17T23:30Z,false,true,221,183,Pittsburgh Panthers,Syracuse Orange,PITT,SYR,27,13,true,false,Acrisure Stadium,42087,STATUS_FINAL
401858226,2026,3,2,2026-09-18T23:30Z,false,true,154,2390,Wake Forest Demon Deacons,Miami Hurricanes,WAKE,MIA,20,33,false,true,Allegacy Federal Credit Union Stadium,32147,STATUS_FINAL
401856811,2026,3,2,2026-09-19T00:00Z,false,true,2641,248,Texas Tech Red Raiders,Houston Cougars,TTU,HOU,28,26,true,false,Galaxy Stadium,60229,STATUS_FINAL
401858455,2026,3,2,2026-09-19T02:30Z,false,false,2483,2502,Oregon Ducks,Portland State Vikings,ORE,PRST,84,0,true,false,Autzen Stadium,58114,STATUS_FINAL
401856693,2026,3,2,2026-09-20T00:00Z,false,false,251,2636,Texas Longhorns,UTSA Roadrunners,TEX,UTSA,30,6,true,false,DKR-Texas Memorial Stadium,103753,STATUS_FINAL
401856686,2026,3,2,2026-09-19T16:00Z,false,true,8,61,Arkansas Razorbacks,Georgia Bulldogs,ARK,UGA,17,45,false,true,Donald W. Reynolds Razorback Stadium,66123,STATUS_FINAL
401858453,2026,3,2,2026-09-19T23:30Z,false,false,87,127,Notre Dame Fighting Irish,Michigan State Spartans,ND,MSU,27,10,true,false,Notre Dame Stadium,77622,STATUS_FINAL
401858449,2026,3,2,2026-09-19T20:00Z,false,false,84,98,Indiana Hoosiers,Western Kentucky Hilltoppers,IU,WKU,38,0,true,false,"Memorial Stadium (Bloomington, IN)",54695,STATUS_FINAL
401858454,2026,3,2,2026-09-19T16:00Z,false,false,194,2309,Ohio State Buckeyes,Kent State Golden Flashes,OSU,KENT,59,3,true,false,Ohio Stadium,0,STATUS_FINAL
401856688,2026,3,2,2026-09-19T23:30Z,false,true,145,99,Ole Miss Rebels,LSU Tigers,MISS,LSU,32,24,true,false,Vaught-Hemingway Stadium,70033,STATUS_FINAL
401856694,2026,3,2,2026-09-19T19:40Z,false,true,245,96,Texas A&M Aggies,Kentucky Wildcats,TA&M,UK,21,31,false,true,Kyle Field,105186,STATUS_FINAL
401856685,2026,3,2,2026-09-19T21:15Z,false,false,333,52,Alabama Crimson Tide,Florida State Seminoles,ALA,FSU,50,36,true,false,Bryant-Denny Stadium,100077,STATUS_FINAL
401856795,2026,3,2,2026-09-20T00:15Z,false,false,36,252,Colorado State Rams,BYU Cougars,CSU,BYU,23,41,false,true,Canvas Stadium,38759,STATUS_FINAL
401858457,2026,3,2,2026-09-19T19:30Z,false,true,164,30,Rutgers Scarlet Knights,USC Trojans,RUTG,USC,35,42,false,true,SHI Stadium,43045,STATUS_FINAL
401858456,2026,3,2,2026-09-19T16:00Z,false,false,213,2084,Penn State Nittany Lions,Buffalo Bulls,PSU,BUFF,55,13,true,false,Beaver Stadium,0,STATUS_FINAL
401856692,2026,3,2,2026-09-19T23:45Z,false,false,2633,338,Tennessee Volunteers,Kennesaw State Owls,TENN,KENN,42,9,true,false,Neyland Stadium,101915,STATUS_FINAL
401858230,2026,3,2,2026-09-19T19:30Z,false,true,97,2567,Louisville Cardinals,SMU Mustangs,LOU,SMU,41,31,true,false,L&N Federal Credit Union Stadium,50199,STATUS_FINAL
401856801,2026,3,2,2026-09-19T19:30Z,false,false,254,328,Utah Utes,Utah State Aggies,UTAH,USU,33,0,true,false,Rice-Eccles Stadium,51455,STATUS_FINAL
401858471,2026,3,2,2026-09-19T20:00Z,false,false,2294,2460,Iowa Hawkeyes,Northern Iowa Panthers,IOWA,UNI,55,0,true,false,Kinnick Stadium,0,STATUS_FINAL
401858450,2026,3,2,2026-09-19T19:30Z,false,false,130,2638,Michigan Wolverines,UTEP Miners,MICH,UTEP,52,17,true,false,Michigan Stadium,110668,STATUS_FINAL
401856689,2026,3,2,2026-09-19T23:00Z,false,false,142,2653,Missouri Tigers,Troy Trojans,MIZ,TROY,27,17,true,false,Memorial Stadium,63609,STATUS_FINAL
401856690,2026,3,2,2026-09-19T23:30Z,false,false,201,167,Oklahoma Sooners,New Mexico Lobos,OU,UNM,14,6,true,false,"Memorial Stadium (Norman, OK)",83423,STATUS_FINAL
401856802,2026,3,2,2026-09-19T23:30Z,true,false,258,277,Virginia Cavaliers,West Virginia Mountaineers,UVA,WVU,27,38,false,true,Bank of America Stadium,39377,STATUS_FINAL
401869940,2026,3,2,2026-09-19T15:30Z,false,false,48,324,Delaware Blue Hens,Coastal Carolina Chanticleers,DEL,CCU,22,14,true,false,Delaware Stadium,17937,STATUS_FINAL
401856792,2026,3,2,2026-09-19T16:00Z,false,false,2306,2655,Kansas State Wildcats,Tulane Green Wave,KSU,TULN,31,20,true,false,Bill Snyder Family Stadium,0,STATUS_FINAL
401856798,2026,3,2,2026-09-19T16:00Z,false,false,66,189,Iowa State Cyclones,Bowling Green Falcons,ISU,BGSU,55,7,true,false,Jack Trice Stadium,0,STATUS_FINAL
401856812,2026,3,2,2026-09-19T16:00Z,true,true,2305,9,Kansas Jayhawks,Arizona State Sun Devils,KU,ASU,17,24,false,true,Wembley Stadium,0,STATUS_FINAL
401858228,2026,3,2,2026-09-19T16:00Z,false,false,59,2382,Georgia Tech Yellow Jackets,Mercer Bears,GT,MER,44,11,true,false,Bobby Dodd Stadium,0,STATUS_FINAL
401858229,2026,3,2,2026-09-19T16:00Z,false,true,228,153,Clemson Tigers,North Carolina Tar Heels,CLEM,UNC,28,20,true,false,"Memorial Stadium (Clemson, SC)",78332,STATUS_FINAL
401858451,2026,3,2,2026-09-19T16:00Z,false,false,135,2006,Minnesota Golden Gophers,Akron Zips,MINN,AKR,41,7,true,false,Huntington Bank Stadium,40168,STATUS_FINAL
401860889,2026,3,2,2026-09-19T16:00Z,false,false,326,249,Texas State Bobcats,North Texas Mean Green,TXST,UNT,49,35,true,false,UFCU Stadium,0,STATUS_FINAL
401858460,2026,3,2,2026-09-19T16:30Z,false,false,275,2199,Wisconsin Badgers,Eastern Michigan Eagles,WIS,EMU,54,10,true,false,Camp Randall Stadium,0,STATUS_FINAL
401856695,2026,3,2,2026-09-19T16:45Z,false,false,238,152,Vanderbilt Commodores,NC State Wolfpack,VAN,NCSU,35,31,true,false,FirstBank Stadium,35000,STATUS_FINAL
401864508,2026,3,2,2026-09-19T17:00Z,false,false,2117,2751,Central Michigan Chippewas,Wyoming Cowboys,CMU,WYO,24,10,true,false,Kelly/Shorts Stadium,0,STATUS_FINAL
401858227,2026,3,2,2026-09-19T18:00Z,false,false,103,311,Boston College Eagles,Maine Black Bears,BC,ME,22,16,true,false,"Alumni Stadium (Chestnut Hill, MA)",35605,STATUS_FINAL
401858448,2026,3,2,2026-09-19T18:00Z,false,false,356,79,Illinois Fighting Illini,Southern Illinois Salukis,ILL,SIU,48,10,true,false,Gies Memorial Stadium,60670,STATUS_FINAL
401862774,2026,3,2,2026-09-19T19:00Z,false,false,2649,218,Toledo Rockets,Temple Owls,TOL,TEM,49,48,true,false,Glass Bowl,19011,STATUS_FINAL
401856797,2026,3,2,2026-09-19T19:30Z,false,false,2132,193,Cincinnati Bearcats,Miami (OH) RedHawks,CIN,M-OH,35,31,true,false,TQL Stadium,19188,STATUS_FINAL
401858233,2026,3,2,2026-09-19T19:30Z,false,false,25,2681,California Golden Bears,Wagner Seahawks,CAL,WAG,49,7,true,false,California Memorial Stadium,35586,STATUS_FINAL
401860890,2026,3,2,2026-09-19T19:30Z,false,false,265,2184,Washington State Cougars,Duquesne Dukes,WSU,DUQ,48,7,true,false,Martin Stadium,28288,STATUS_FINAL
401866424,2026,3,2,2026-09-19T19:30Z,false,false,113,284,Massachusetts Minutemen,Stonehill Skyhawks,MASS,STO,36,14,true,false,Warren McGuirk Alumni Stadium,12233,STATUS_FINAL
401858231,2026,3,2,2026-09-19T20:00Z,false,true,150,24,Duke Blue Devils,Stanford Cardinal,DUKE,STAN,35,7,true,false,Wallace Wade Stadium,0,STATUS_FINAL
401866422,2026,3,2,2026-09-19T20:00Z,false,false,2335,2050,Liberty Flames,Ball State Cardinals,LIB,BALL,51,15,true,false,Williams Stadium (VA),0,STATUS_FINAL
401867804,2026,3,2,2026-09-19T20:00Z,false,false,239,2348,Baylor Bears,Louisiana Tech Bulldogs,BAY,LT,36,19,true,false,McLane Stadium,0,STATUS_FINAL
401868317,2026,3,2,2026-09-19T20:30Z,false,false,2433,2545,UL Monroe Warhawks,SE Louisiana Lions,ULM,SELA,35,38,false,true,Malone Stadium,0,STATUS_FINAL
401856691,2026,3,2,2026-09-19T21:35Z,false,true,2579,344,South Carolina Gamecocks,Mississippi State Bulldogs,SC,MSST,34,41,false,true,Williams-Brice Stadium,78360,STATUS_FINAL
401862710,2026,3,2,2026-09-19T22:00Z,false,false,295,151,Old Dominion Monarchs,East Carolina Pirates,ODU,ECU,17,20,false,true,S.B. Ballard Stadium,21444,STATUS_FINAL
401862771,2026,3,2,2026-09-19T22:00Z,false,false,2226,2229,Florida Atlantic Owls,Florida International Panthers,FAU,FIU,16,10,true,false,Flagler Credit Union Stadium,20714,STATUS_FINAL
401871047,2026,3,2,2026-09-19T22:30Z,false,false,2623,276,Missouri State Bears,Marshall Thundering Herd,MOST,MRSH,24,30,false,true,Robert W. Plaster Stadium,16010,STATUS_FINAL
401856687,2026,3,2,2026-09-19T23:00Z,false,true,2,57,Auburn Tigers,Florida Gators,AUB,FLA,39,44,false,true,Jordan-Hare Stadium,88043,STATUS_FINAL
401856800,2026,3,2,2026-09-19T23:00Z,false,false,2116,2247,UCF Knights,Georgia State Panthers,UCF,GAST,44,30,true,false,Acrisure Bounce House,44620,STATUS_FINAL
401856803,2026,3,2,2026-09-19T23:00Z,false,false,197,93,Oklahoma State Cowboys,Murray State Racers,OKST,MUR,59,0,true,false,Boone Pickens Stadium,52168,STATUS_FINAL
401861963,2026,3,2,2026-09-19T23:00Z,false,false,2572,41,Southern Miss Golden Eagles,UConn Huskies,USM,CONN,20,48,false,true,M. M. Roberts Stadium,23025,STATUS_FINAL
401862772,2026,3,2,2026-09-19T23:00Z,false,false,235,2630,Memphis Tigers,UT Martin Skyhawks,MEM,UTM,45,21,true,false,Simmons Bank Liberty Stadium,30840,STATUS_FINAL
401862773,2026,3,2,2026-09-19T23:00Z,false,false,242,2711,Rice Owls,Western Michigan Broncos,RICE,WMU,21,28,false,true,Rice Stadium,14255,STATUS_FINAL
401862777,2026,3,2,2026-09-19T23:00Z,false,false,58,2169,South Florida Bulls,Delaware State Hornets,USF,DSU,59,17,true,false,Raymond James Stadium,32345,STATUS_FINAL
401864443,2026,3,2,2026-09-19T23:00Z,false,false,2393,2440,Middle Tennessee Blue Raiders,Nevada Wolf Pack,MTSU,NEV,27,20,true,false,"Johnny ""Red"" Floyd Stadium",16106,STATUS_FINAL
401866423,2026,3,2,2026-09-19T23:00Z,false,false,6,195,South Alabama Jaguars,Ohio Bobcats,USA,OHIO,41,36,true,false,Hancock Whitney Stadium,15232,STATUS_FINAL
401869948,2026,3,2,2026-09-19T23:00Z,false,false,55,290,Jacksonville State Gamecocks,Georgia Southern Eagles,JXST,GASO,31,27,true,false,AmFirst Stadium,16142,STATUS_FINAL
401870764,2026,3,2,2026-09-19T23:00Z,false,false,2534,2447,Sam Houston Bearkats,Nicholls Colonels,SHSU,NICH,59,0,true,false,Elliott T. Bowers Stadium,12182,STATUS_FINAL
401858452,2026,3,2,2026-09-19T23:15Z,false,false,158,155,Nebraska Cornhuskers,North Dakota Fighting Hawks,NEB,UND,34,7,true,false,"Memorial Stadium (Lincoln, NE)",86217,STATUS_FINAL
401858459,2026,3,2,2026-09-19T23:15Z,false,false,264,331,Washington Huskies,Eastern Washington Eagles,WASH,EWU,48,16,true,false,Husky Stadium,61619,STATUS_FINAL
401856796,2026,3,2,2026-09-19T23:30Z,false,false,77,38,Northwestern Wildcats,Colorado Buffaloes,NU,COLO,41,7,true,false,Northwestern Medicine Field at Martin Stadium,12023,STATUS_FINAL
401858232,2026,3,2,2026-09-19T23:30Z,false,false,120,259,Maryland Terrapins,Virginia Tech Hokies,MD,VT,26,35,false,true,SECU Stadium,46185,STATUS_FINAL
401856799,2026,3,2,2026-09-20T00:00Z,false,false,2628,2032,TCU Horned Frogs,Arkansas State Red Wolves,TCU,ARST,31,7,true,false,Amon G. Carter Stadium,46139,STATUS_FINAL
401862775,2026,3,2,2026-09-20T00:00Z,false,false,202,2837,Tulsa Golden Hurricane,East Texas A&M Lions,TLSA,ETAM,42,0,true,false,H. A. Chapman Stadium,16288,STATUS_FINAL
401862776,2026,3,2,2026-09-20T00:00Z,false,false,309,5,Louisiana Ragin' Cajuns,UAB Blazers,UL,UAB,21,14,true,false,Our Lady of Lourdes Stadium,18216,STATUS_FINAL
401864574,2026,3,2,2026-09-20T01:30Z,false,false,2026,2429,App State Mountaineers,Charlotte 49ers,APP,CLT,26,21,true,false,Kidd Brewer Stadium,28296,STATUS_FINAL
401860885,2026,3,2,2026-09-20T02:00Z,false,false,68,233,Boise State Broncos,South Dakota Coyotes,BOIS,SDAK,38,24,true,false,Albertsons Stadium,34428,STATUS_FINAL
401860887,2026,3,2,2026-09-20T02:00Z,false,false,21,256,San Diego State Aztecs,James Madison Dukes,SDSU,JMU,13,26,false,true,Snapdragon Stadium,26487,STATUS_FINAL
401856793,2026,3,2,2026-09-20T02:30Z,false,false,12,2459,Arizona Wildcats,Northern Illinois Huskies,ARIZ,NIU,42,17,true,false,Casino Del Sol Stadium,40413,STATUS_FINAL
401864507,2026,3,2,2026-09-20T02:30Z,false,false,16,2449,Sacramento State Hornets,North Dakota State Bison,SAC,NDSU,10,31,false,true,Hornet Stadium,13322,STATUS_FINAL
401858458,2026,3,2,2026-09-20T03:00Z,false,true,26,2509,UCLA Bruins,Purdue Boilermakers,UCLA,PUR,52,38,true,false,Rose Bowl,30916,STATUS_FINAL
401860886,2026,3,2,2026-09-20T03:00Z,false,false,204,149,Oregon State Beavers,Montana Grizzlies,ORST,MONT,52,17,true,false,Reser Stadium,34030,STATUS_FINAL
401860888,2026,3,2,2026-09-20T03:00Z,false,false,23,278,San José State Spartans,Fresno State Bulldogs,SJSU,FRES,10,26,false,true,CEFCU Stadium,18256,STATUS_FINAL
401869941,2026,4,2,2026-09-24T23:30Z,false,false,324,2335,Coastal Carolina Chanticleers,Liberty Flames,CCU,LIB,17,34,false,true,Brooks Stadium (SC),22116,STATUS_FINAL
